module,annual_return,annual_volatility,sharpe,calmar,max_drawdown,win_rate,profit_factor,avg_win_loss,avg_daily_return,mean_basis,basis_volatility,active_days,turnover,basis_source,avg_selected_factors,selection_days,lasso_sharpe,lasso_avg_selected_factors,avg_probability,static_pair_sharpe,accuracy,precision,recall,positive_rate,predicted_positive_rate
basis,-0.001160783886449912,0.000231918064135797,-5.005146497645083,-0.20254864069502282,-0.005730889540738526,0.03528468323977546,0.020382607065974518,0.12229564239584709,-4.608843527472286e-06,-0.0002823121776500914,0.00037583459959192425,264.0,0.0028548516439454697,binance_real,,,,,,,,,,,
dynamic,0.00017699188709374702,0.0010206500079419196,0.17341094960714368,0.1605418415636512,-0.0011024657831869566,0.04689331770222743,1.0889118415298074,2.1233780909831244,7.043510830098966e-07,,,88.0,,,1.947575360419397,763.0,-0.2303496303717696,1.855832241153342,,,,,,,
ml,-0.00023513485090831399,0.0005662383414487375,-0.41525773459055165,-0.15511354135969177,-0.0015158886119623904,0.016051364365971106,0.7473457336834395,3.5125249483121657,-9.325484906099215e-07,,,68.0,,,,,,,0.4732202748007433,0.04033080745682998,,,,,
ml_classifier,,,,,,,,,,,,,,,,,,,,,0.6957236842105263,0.73046875,0.6171617161716172,0.49140401146131807,0.42105263157894735
