cost_multiplier,annual_return,annual_volatility,sharpe,max_drawdown,total_transaction_cost,total_borrow_cost,total_funding_cost
0.5,-0.005387405068697504,0.004734096183174692,-1.1380007630273161,-0.02462599012817157,0.007647845688851482,0.00011842506262708195,0.0
1.0,-0.007096060202538168,0.004758160007742465,-1.491345434157632,-0.03201026524400108,0.015295691377702965,0.00011842506262708195,0.0
2.0,-0.010504713061328275,0.004828736556851797,-2.175457894140545,-0.04661214016555815,0.03059138275540593,0.00011842506262708195,0.0
3.0,-0.013901854666065305,0.004928116639514067,-2.820926468054556,-0.061023020620183055,0.045887074133108885,0.00011842506262708195,0.0
