feature,coef
const,0.5893388894837931
residual,-1.0300054761831365
residual_z,-0.6645308763890014
abs_residual_z,2.9973853755767688
residual_diff_1,1.0683965307982215
residual_diff_3,-0.14374818482491764
residual_vol_20,-0.2727754663466614
factor_mean_ret_3,-0.25710906991318155
factor_vol_20,0.47008601504909525
