module,annual_return,annual_volatility,sharpe,calmar,max_drawdown,win_rate,profit_factor,avg_win_loss,avg_daily_return,mean_basis,basis_volatility,active_days,turnover,avg_selected_factors,selection_days,lasso_sharpe,lasso_avg_selected_factors,avg_probability,static_pair_sharpe,accuracy,precision,recall,positive_rate,predicted_positive_rate
basis,0.0004827617682412466,0.0006460781686978086,0.7472188221655416,0.917741348057236,-0.0005260324919033055,0.146374829001368,1.2392632757911215,1.274008975112368,1.916087921240203e-06,0.003780225764081539,0.009782734934122276,199.0,0.002024623803009576,,,,,,,,,,,
dynamic,-0.006027041489632179,0.0011473274950637236,-5.253113444559639,-0.4852459547674279,-0.012420590899146933,0.015355086372360844,0.035173576546147944,0.37371925080282187,-2.398630107502539e-05,,,79.0,,1.8607888631090488,431.0,-5.269240145289242,1.825986078886311,,,,,,,
ml,-0.004042710253277848,0.0009624641489001176,-4.200374900091361,-0.4847310376607169,-0.008340110162509351,0.003838771593090211,0.000982082215249795,0.02406101427361998,-1.607305225265204e-05,,,40.0,,,,,,0.5309842478349438,-5.4038256838045315,,,,,
ml_classifier,,,,,,,,,,,,,,,,,,,,0.6268115942028986,0.610738255033557,0.6691176470588235,0.5027322404371585,0.5398550724637681
