entry_z,exit_z,regression_window,zscore_window,annual_return,annual_volatility,sharpe,max_drawdown,avg_gross_leverage
1.5,0.5,60,30,-0.14462935987280978,0.011382930733460481,-12.70581041556084,-0.36399143056955974,0.06101292377389107
1.5,0.5,90,30,-0.13852409676696553,0.011349663179212762,-12.20512843241696,-0.35075193161314744,0.05803752123206638
2.0,0.5,60,30,-0.10033292739590749,0.008654846562684887,-11.592687018680367,-0.2638216067844811,0.04202042353794748
2.0,0.5,90,30,-0.09870117353472263,0.008541596844352016,-11.555353797807385,-0.25994702323521,0.03984722461294522
